idFuncionario, Nome, Telefone 01, Telefone 02, CPF, Rua, Numero, Balneario, Cidade, UsuarioId, cargoId
1,Adriano de Souza,,11 96214 6625,,null,,29043921068,,Rua Franca,,470,,Bal. Icarai,,Ilha Comprida,
2,Gabriel Medina,,13 99876 6578,,null,,22724372069,,Rua Franca,,470,,Bal. Icarai,,Ilha Comprida,
3,Felipe Toledo,,13 99876 6578,,null,,59610341004,,Rua Casa Verde,,60,,Bal. Leão de Iguape,,Ilha Comprida,
4,Italo Ferreira,,13 99777 0301,,null,,89476252057,,Rua da Garças,,38,,Bal. Mar e Sol,,Ilha Comprida,
5,Raissa Leal,,15 99757 6618,,null,,41507587007,,Rua das Papoulas,,987,,Bal. Porto Velho,,Ilha Comprida,
6,Peterson Rosa,,13 99764 7676,,null,,95837653090,,Rua Cascata,,160,,Bal. Atlantico,,Ilha Comprida,
7,Pamela Rosa,,11 99876 9956,,null,,76798976034,,Rua Rio Grande do Norte,,540,,Bal. Adriana,,Ilha Comprida,
8,Gustavo Borges,,67 99876 4433,,null,,49008644045,,Rua Cuiaba,,150,,Bal. Adriana,,Ilha Comprida,
9,Leticia Sabatela,,15 99764 8201,,null,,29346675020,,Rua Cuiaba,,150,,Bal. Adriana,,Ilha Comprida,
10,Fabio Gouveia,,11 94910 5239,,null,,44450569016,,Rua Tino Gonsalves Dias,,549,,Bal. Britania,,Ilha Comprida,
11,carlos,,(99)00000-0000,,(99)00000-0000,,123.123.123-12,,abc,,20,,ac,,abc,
